<?xml version="1.0" encoding="UTF-8"?>
<!--

    DO NOT ALTER OR REMOVE COPYRIGHT NOTICES OR THIS HEADER.

    Copyright (c) 1997-2010 Oracle and/or its affiliates. All rights reserved.

    The contents of this file are subject to the terms of either the GNU
    General Public License Version 2 only ("GPL") or the Common Development
    and Distribution License("CDDL") (collectively, the "License").  You
    may not use this file except in compliance with the License.  You can
    obtain a copy of the License at
    https://glassfish.dev.java.net/public/CDDL+GPL_1_1.html
    or packager/legal/LICENSE.txt.  See the License for the specific
    language governing permissions and limitations under the License.

    When distributing the software, include this License Header Notice in each
    file and include the License file at packager/legal/LICENSE.txt.

    GPL Classpath Exception:
    Oracle designates this particular file as subject to the "Classpath"
    exception as provided by Oracle in the GPL Version 2 section of the License
    file that accompanied this code.

    Modifications:
    If applicable, add the following below the License Header, with the fields
    enclosed by brackets [] replaced by your own identifying information:
    "Portions Copyright [year] [name of copyright owner]"

    Contributor(s):
    If you wish your version of this file to be governed by only the CDDL or
    only the GPL Version 2, indicate your decision by adding "[Contributor]
    elects to include this software in this distribution under the [CDDL or GPL
    Version 2] license."  If you don't indicate a single choice of license, a
    recipient has the option to distribute your version of this file under
    either the CDDL, the GPL Version 2 or to extend the choice of license to
    its licensees as provided above.  However, if you add GPL Version 2 code
    and therefore, elected the GPL Version 2 license, then the option applies
    only if the new code is made subject to such option by the copyright
    holder.

-->

<project name="glassfishV3.1_no_cluster" basedir=".">

    <!-- JARs that may be packaged in WEB-INF/lib
  in order for the implementation to run
  properly if they aren't availabe in the
  container's classloader.

  This is a comma separated list of fully
  qualified JARs -->

    <property name="webapp.jars" value=""/>

    <property name="glassfish.virtual.server.port" 
              value="8888" />
    <property name="glassfish.virtual.server" value="myVirtualServer" />

    <!-- Required Targets -->
    <macrodef name="deploy.artifact">
        <attribute name="artifact"
                   description="The WAR to deploy"/>
        <attribute name="appName"
                   description="The name of the application"/>
        <attribute name="use-virtual-servers"
                   description="If true, deploy to the virtual servers."
                   default="false"/>
        <attribute name="osgi"
                   description="If true, deploy with --type osgi."
                   default="false"/>
        <sequential>
            <condition property="exec.name" value="cmd.exe">
                <os family="windows"/>
            </condition>
            <condition property="exec.arg.1"
                       value="/c ${container.home}/bin/asadmin">
                <os family="windows"/>
            </condition>
            <property name="exec.name" value="${container.home}/bin/asadmin"/>
            <property name="exec.arg.1" value=""/>
            <echo>

---------------- Glassfish - Deploying @{appName} ---------------- 

            </echo>
            <if>
              <equals arg1="@{use-virtual-servers}"
                      casesensitive="false" trim="true"
                      arg2="true" />
                <then>
                  <sequential>
                      <var name="virtualservers-rhs" value="" />
                      <for list="${instance.numbers}" param="num" trim="true">
                        <sequential>
                          <var name="virtualservers-rhs" 
                               value="${virtualservers-rhs},${glassfish.virtual.server}@{num}" />
                        </sequential>
                      </for>     
                      <propertyregex property="virtualservers-rhs-trimmed"
                                     input="${virtualservers-rhs}"
                                     regexp="^[,](.*)"
                                     select="\1"
                                     casesensitive="false" />
                      <property name="use-virtual-servers-value" value="--virtualservers ${virtualservers-rhs-trimmed}" />
                  </sequential>
                </then>
            </if>
            <property name="use-virtual-servers-value" value="" />
            <echo message="use-virtual-servers-value: ${use-virtual-servers-value}" />
            <if>
              <equals arg1="@{osgi}"
                      casesensitive="false" trim="true"
                      arg2="true" />
                <then>
                  <sequential>
                      <property name="osgi-value" value="--type osgi" />
                  </sequential>
                </then>
            </if>
            <property name="osgi-value" value="" />
            <echo message="osgi-value: ${osgi-value}" />
            <exec executable="${exec.name}" failonerror="true">
                <arg line="${exec.arg.1}"/>
                <arg line="deploy"/>
                <arg line="${use-virtual-servers-value}"/>
                <arg line="${osgi-value}"/>
                <arg line="--user ${glassfish.admin.user}"/>
                <arg line="--passwordfile ${glassfish.password.file}"/>
                <arg line="--host ${glassfish.admin.host}"/>
                <arg line="--port ${glassfish.admin.port}"/>
                <arg line="@{artifact}"/>
            </exec>
        </sequential>
    </macrodef>

    <macrodef name="deploydir.artifact">
        <attribute name="explodedWarDir"
                   description="The exploded war directory to deploy"/>
        <attribute name="appName"
                   description="The name of the application"/>
        <sequential>
            <condition property="exec.name" value="cmd.exe">
                <os family="windows"/>
            </condition>
            <condition property="exec.arg.1"
                       value="/c ${container.home}/bin/asadmin">
                <os family="windows"/>
            </condition>
            <property name="exec.name" value="${container.home}/bin/asadmin"/>
            <property name="exec.arg.1" value=""/>
            <echo>

---------------- Glassfish - Deploying @{appName} ---------------- 

            </echo>
            <exec executable="${exec.name}" failonerror="true">
                <arg line="${exec.arg.1}"/>
                <arg line="deploydir"/>
                <arg line="--user ${glassfish.admin.user}"/>
                <arg line="--passwordfile ${glassfish.password.file}"/>
                <arg line="--host ${glassfish.admin.host}"/>
                <arg line="--port ${glassfish.admin.port}"/>
                <arg line="--contextroot @{appName} @{explodedWarDir}"/>
            </exec>
        </sequential>
    </macrodef>


    <macrodef name="undeploy.artifact">
        <attribute name="artifact"
                   description="The WAR to deploy"/>
        <attribute name="appName"
                   description="The name of the application"/>
        <sequential>
            <condition property="exec.name" value="cmd.exe">
                <os family="windows"/>
            </condition>
            <condition property="exec.arg.1"
                       value="/c ${container.home}/bin/asadmin">
                <os family="windows"/>
            </condition>
            <property name="exec.name" value="${container.home}/bin/asadmin"/>
            <property name="exec.arg.1" value=""/>
            <echo>

---------------- Glassfish - Undeploying @{appName} ---------------- 

            </echo>
            <exec executable="${exec.name}">
                <arg line="${exec.arg.1}"/>
                <arg line="undeploy"/>
                <arg line="--user ${glassfish.admin.user}"/>
                <arg line="--passwordfile ${glassfish.password.file}"/>
                <arg line="--host ${glassfish.admin.host}"/>
                <arg line="--port ${glassfish.admin.port}"/>
                <arg line="@{appName}"/>
            </exec>
        </sequential>
    </macrodef>

    <target name="config.container">
    </target>

    <!-- Require target to display information about the build environment -->
    <target name="props">
        <echo message="PENDING - Please add a message"/>
        <echo message="container.home->${container.home}" />
        <echo message="javaee.jar->${container.home}/lib/javaee.jar" />
    </target>

    <target name="update.impl.manifest">
        <echo message="PENDING - Please implement"/>
    </target>

    <target name="container.deploy"
            description="Deploy the JSF Implementation artifacts to the target container.">
        <if>
            <os family="windows"/>
            <then>
                <container.stop/>
            </then>
        </if>

        <copy overwrite="true" file="${api.dir}/build/lib/jsf-api.jar" toFile="${container.home}/modules/jsf-api.jar"/>
        <copy overwrite="true" file="${impl.dir}/build/lib/jsf-impl.jar" toFile="${container.home}/modules/jsf-impl.jar"/>

        <if>
            <os family="windows"/>
            <then>
                <!-- container.start/ -->
                <echo>The container may have been stopped. Please restart it, if
                    needed.
                </echo>
            </then>
        </if>       
    </target>

    <target name="define.scenario.aware.port">
      <property name="scenario.aware.port" value="${container.port}" />
    </target>

    <target name="define.virtual-server.aware.port">
        <property name="scenario.aware.port" 
                  value="${glassfish.virtual.server.port}" />
        <echo message="scenario.aware.port = ${scenario.aware.port}" />
    </target>

    <target name="container.deploy.test.dependencies"
            description="Deploy any container level dependencies to the container.">
        <if>
            <os family="windows"/>
            <then>
                <container.stop/>
            </then>
        </if>

        <copy overwrite="true" file="${groovy.jar}" todir="${container.home}/modules"/>

        <if>
            <os family="windows"/>
            <then>
                <!-- container.start/ -->
                <echo>The container may have been stopped. Please restart it, if
                    needed.
                </echo>
            </then>
        </if>       
    </target>

    <target name="create.virtual.servers">
      <property name="instance.numbers" value="1,2" />

      <create.virtual.servers />
    </target>

    <target name="delete.virtual.servers">
      <property name="instance.numbers" value="1,2" />

      <delete.virtual.servers />
    </target>

    <target name="container.init.osgi"
            description="Configure GlassFish 3.1 for OSGi WAB deployment">
        <echo>
---------  Configuring GlassFish 3.1 for OSGi WAB deployment
        </echo>
        <container.start failonerror="false" />
        <exec executable="${container.home}/bin/asadmin"
                          failonerror="false">
           <arg line="delete-jvm-options"/>
           <arg line="--target server-config"/>
           <arg line="-Dorg.glassfish.additionalOSGiBundlesToStart='org.apache.felix.shell,org.apache.felix.gogo.runtime,org.apache.felix.gogo.shell,org.apache.felix.gogo.command'"/>
         </exec>
         <exec executable="${container.home}/bin/asadmin"
                          failonerror="false">
           <arg line="delete-jvm-options"/>
           <arg line="--target server-config"/>
           <arg line="-Dorg.glassfish.additionalOSGiBundlesToStart='org.apache.felix.shell,org.apache.felix.gogo.runtime,org.apache.felix.gogo.shell,org.apache.felix.shell.remote,org.apache.felix.fileinstall'"/>
         </exec>
         <exec executable="${container.home}/bin/asadmin"
                          failonerror="true">
           <arg line="create-jvm-options"/>
           <arg line="--target server-config"/>
           <arg line="-Dorg.glassfish.additionalOSGiBundlesToStart='org.apache.felix.shell,org.apache.felix.gogo.runtime,org.apache.felix.gogo.shell,org.apache.felix.shell.remote,org.apache.felix.fileinstall'"/>
         </exec>
         <container.stop />
    </target>


    <target name="container.start"
            description="Start the GlassFish container">
        <var name="create-virtual-server-value" value="false" />

        <if>
          <equals arg1="${create-virtual-server}" 
                  casesensitive="false" trim="true"
                  arg2="true" />
          <then>
            <var name="create-virtual-server-value" value="true" />
          </then>
        </if>
        <echo>
--------- Starting container create-virtual-server: ${create-virtual-server-value} 
        </echo>
        <container.start
                  create-virtual-server="${create-virtual-server-value}" />
    </target>

    <target name="container.debug"
            description="Start the GlassFish container">
        <var name="create-virtual-server-value" value="false" />

        <if>
          <equals arg1="${create-virtual-server}" 
                  casesensitive="false" trim="true"
                  arg2="true" />
          <then>
            <var name="create-virtual-server-value" value="true" />
          </then>
        </if>
        <echo>
--------- Starting container create-virtual-server: ${create-virtual-server-value} 
        </echo>
        <container.debug
                  create-virtual-server="${create-virtual-server-value}" />
    </target>

    <target name="container.stop"
            description="Stop the GlassFish container">
        <var name="create-virtual-server-value" value="false" />
        <if>
          <equals arg1="${create-virtual-server}" 
                  casesensitive="false" trim="true"
                  arg2="true" />
          <then>
            <var name="create-virtual-server-value" value="true" />
          </then>
        </if>
        <echo>
--------- stopping container create-virtual-server: ${create-virtual-server-value} 
        </echo>

        <container.stop create-virtual-server="${create-virtual-server-value}" />

    </target>

    <target name="container.restart"
            description="Stop the GlassFish container">
        <container.stop/>
        <container.start />
    </target>

    <macrodef name="container.start"
            description="Start the GlassFish container">
        <attribute name="create-virtual-server" default="false"/>
        <attribute name="failonerror" default="true"/>
        <sequential>
            <start.domain failonerror="@{failonerror}"
                          create-virtual-server="@{create-virtual-server}"/>
        </sequential>
    </macrodef>

    <macrodef name="container.debug"
            description="Start the GlassFish container in debug mode">
        <attribute name="create-virtual-server" default="false"/>
        <sequential>
            <debug.domain create-virtual-server="@{create-virtual-server}"/>
        </sequential>
    </macrodef>


    <macrodef name="container.stop"
            description="Stop the GlassFish container">
        <attribute name="create-virtual-server" default="false" />
        <sequential>
            <stop.domain create-virtual-server="@{create-virtual-server}"/>
        </sequential>
    </macrodef>

    <!-- 'PRIVATE' targets -->
    <macrodef name="start.domain">
        <attribute name="create-virtual-server" default="false"/>
        <attribute name="failonerror" default="true"/>
        <sequential>
            <echo>

"------------ Starting ${glassfish.domain} ------------"

            </echo>
            <if>
                <os family="unix"/>
                <then>
                    <exec executable="${container.home}/bin/asadmin"
                          failonerror="@{failonerror}">
                        <arg line="start-domain"/>
                        <arg line="--user ${glassfish.admin.user}"/>
                        <arg line="${glassfish.domain}"/>
                    </exec>
                    <waitfor>
                        <http url="http://${container.host}:${container.port}"/>
                    </waitfor>
                </then>
                <else>
                    <exec executable="${container.home}/bin/asadmin.bat"
                          failonerror="@{failonerror}"
                          spawn="true">
                        <arg line="start-domain"/>
                        <arg line="--user ${glassfish.admin.user}"/>
                        <arg line="${glassfish.domain}"/>
                    </exec>
                    <waitfor>
                        <http url="http://${container.host}:${container.port}"/>
                    </waitfor>
                    <exec executable="${container.home}/bin/asadmin.bat"
                          failonerror="@{failonerror}">
                        <arg line="delete-jvm-options"/>
                        <arg line="--target server-config"/>
                        <arg line="-Dorg.glassfish.additionalOSGiBundlesToStart='org.apache.felix.shell,org.apache.felix.gogo.runtime,org.apache.felix.gogo.shell,org.apache.felix.gogo.command'"/>
                    </exec>
                    <exec executable="${container.home}/bin/asadmin.bat"
                          failonerror="@{failonerror}">
                        <arg line="create-jvm-options"/>
                        <arg line="--target server-config"/>
                        <arg line="-Dorg.glassfish.additionalOSGiBundlesToStart='org.apache.felix.shell,org.apache.felix.gogo.runtime,org.apache.felix.gogo.shell,org.apache.felix.shell.remote,org.apache.felix.fileinstall'"/>
                    </exec>
                </else>
            </if>
            <if>
              <equals arg1="@{create-virtual-server}" 
                      casesensitive="false" trim="true"
                      arg2="true" />
                <then>
                  <sequential>
                    <create.virtual.servers />
                    <for list="${instance.numbers}" param="num" trim="true">
                      <sequential>
                        <waitfor>
                          <http url="http://${container.host}:@{num}${glassfish.virtual.server.port}"/>
                       </waitfor>
                     </sequential>
                   </for>
                  </sequential>
                </then>
              </if>
        </sequential>
    </macrodef>

    <macrodef name="create.virtual.servers">
        <sequential>
            <if>
                <os family="unix"/>
                <then>
                    <for list="${instance.numbers}" param="num" trim="true">
                      <sequential>
                        <echo>

"------------ Creating ${glassfish.virtual.server}@{num} --listenerport @{num}${glassfish.virtual.server.port} ------------"

                        </echo>
			<exec executable="${container.home}/bin/asadmin"
			      failonerror="true">
			    <arg line="create-virtual-server"/>
			    <arg line="--user ${glassfish.admin.user}"/>
			    <arg line="--hosts localhost"/>
			    <arg line="${glassfish.virtual.server}@{num}"/>
			</exec>
			<exec executable="${container.home}/bin/asadmin"
			      failonerror="true">
			    <arg line="create-http-listener"/>
			    <arg line="--listeneraddress 0.0.0.0"/>
			    <arg line="--user ${glassfish.admin.user}"/>
			    <arg line="--listenerport @{num}${glassfish.virtual.server.port}"/>
			    <arg line="--defaultvs ${glassfish.virtual.server}@{num} --servername localhost.localdomain"/>
			    <arg line="--acceptorthreads 1 myHttpListener@{num}"/>
			</exec>
                      </sequential>
                    </for>
                </then>
                <else>
                    <for list="${instance.numbers}" param="num" trim="true">
                      <sequential>
                        <echo>

"------------ Creating ${glassfish.virtual.server}@{num} ------------"

                        </echo>
                        <exec executable="${container.home}/bin/asadmin.bat"
                              spawn="true">
			    <arg line="create-virtual-server"/>
			    <arg line="--user ${glassfish.admin.user}"/>
			    <arg line="--hosts localhost"/>
			    <arg line="${glassfish.virtual.server}@{num}"/>
                        </exec>
                        <exec executable="${container.home}/bin/asadmin.bat"
                              spawn="true">
			    <arg line="create-http-listener"/>
			    <arg line="--listeneraddress 0.0.0.0"/>
			    <arg line="--user ${glassfish.admin.user}"/>
			    <arg line="--listenerport @{num}${glassfish.virtual.server.port}"/>
			    <arg line="--defaultvs ${glassfish.virtual.server}@{num} --servername localhost.localdomain"/>
			    <arg line="--acceptorthreads 1 myHttpListener@{num}"/>
                        </exec>
                      </sequential>
                    </for>
                </else>
            </if>
        </sequential>
    </macrodef>

 <macrodef name="delete.virtual.servers">
        <sequential>
            <if>
                <os family="unix"/>
                <then>
                    <for list="${instance.numbers}" param="num" trim="true">
                      <sequential>
                        <echo>
  
"------------ Deleting ${glassfish.virtual.server}@{num} ------------"

                        </echo>
                        <exec executable="${container.home}/bin/asadmin"
                              failonerror="false">
                            <arg line="delete-http-listener"/>
                            <arg line="myHttpListener@{num}"/>
                        </exec>
                        <exec executable="${container.home}/bin/asadmin"
                              failonerror="false">
                            <arg line="delete-virtual-server"/>
                            <arg line="${glassfish.virtual.server}@{num}"/>
                        </exec>
                      </sequential>
                    </for>
                </then>
                <else>
                    <for list="${instance.numbers}" param="num" trim="true">
                      <sequential>
                        <echo>
  
"------------ Deleting ${glassfish.virtual.server}@{num} ------------"

                        </echo>
			<exec executable="${container.home}/bin/asadmin.bat"
			      spawn="true">
				<arg line="delete-http-listener"/>
				<arg line="myHttpListener@{num}"/>
			</exec>
			<exec executable="${container.home}/bin/asadmin.bat"
			      spawn="true">
				<arg line="delete-virtual-server"/>
				<arg line="${glassfish.virtual.server}@{num}"/>
			</exec>
                      </sequential>
                    </for>
                </else>
            </if>
        </sequential>
    </macrodef>

    <macrodef name="debug.domain">
        <attribute name="create-virtual-server" default="false"/>
        <sequential>
            <echo>

"------------ Starting ${glassfish.domain} in debug mode------------"

            </echo>
            <if>
                <os family="unix"/>
                <then>
                    <exec executable="${container.home}/bin/asadmin"
                          failonerror="true">
                        <arg line="start-domain"/>
                        <arg line="--user ${glassfish.admin.user}"/>
                        <arg line="--debug"/>
                        <arg line="${glassfish.domain}"/>
                    </exec>
                    <waitfor>
                        <http url="http://${container.host}:${container.port}"/>
                    </waitfor>
                </then>
                <else>
                    <exec executable="${container.home}/bin/asadmin.bat"
                          spawn="true">
                        <arg line="start-domain"/>
                        <arg line="--user ${glassfish.admin.user}"/>
                        <arg line="--debug"/>
                        <arg line="${glassfish.domain}"/>
                    </exec>
                    <waitfor>
                        <http url="http://${container.host}:${container.port}"/>
                    </waitfor>
                </else>
            </if>
            <if>
              <equals arg1="@{create-virtual-server}" 
                      casesensitive="false" trim="true"
                      arg2="true" />
                <then>
                  <sequential>
                    <create.virtual.servers />
                    <for list="${instance.numbers}" param="num" trim="true">
                      <sequential>
                        <waitfor>
                          <http url="http://${container.host}:@{num}${glassfish.virtual.server.port}"/>
                       </waitfor>
                     </sequential>
                   </for>
                  </sequential>
                </then>
              </if>
        </sequential>
    </macrodef>

    <macrodef name="stop.domain">
        <attribute name="create-virtual-server" default="false"/>
        <sequential>
            <echo>

"------------ create-virtual-server: @{create-virtual-server} ------------"

            </echo>
            <if>
                <os family="unix"/>
                <then>
                    <if>
                      <equals arg1="@{create-virtual-server}" 
                              casesensitive="false" trim="true"
                              arg2="true" />
                        <then>
                          <sequential>
                            <delete.virtual.servers />
                          </sequential>
                        </then>
                    </if>
                    <exec executable="${container.home}/bin/asadmin">
                        <arg line="stop-domain"/>
                        <arg line="${glassfish.domain}"/>
                    </exec>
                </then>
                <else>
                    <if>
                      <equals arg1="@{create-virtual-server}" 
                              casesensitive="false" trim="true"
                              arg2="true" />
                        <then>
                          <sequential>
                            <delete.virtual.servers />
                          </sequential>
                        </then>
                    </if>
                    <exec executable="${container.home}/bin/asadmin.bat"
                          spawn="true">
                        <arg line="stop-domain"/>
                        <arg line="${glassfish.domain}"/>
                    </exec>
                </else>
            </if>
            <sleep seconds="15"/>
        </sequential>
    </macrodef>


    <!-- ************ Compiler Defaults *************************************** -->


    <!-- ************ Executable Targets ************************************** -->

    <target name="main">
    </target>


</project>

