<?xml version="1.0" encoding="UTF-8"?>
<!--

    DO NOT ALTER OR REMOVE COPYRIGHT NOTICES OR THIS HEADER.

    Copyright (c) 1997-2010 Oracle and/or its affiliates. All rights reserved.

    The contents of this file are subject to the terms of either the GNU
    General Public License Version 2 only ("GPL") or the Common Development
    and Distribution License("CDDL") (collectively, the "License").  You
    may not use this file except in compliance with the License.  You can
    obtain a copy of the License at
    https://glassfish.dev.java.net/public/CDDL+GPL_1_1.html
    or packager/legal/LICENSE.txt.  See the License for the specific
    language governing permissions and limitations under the License.

    When distributing the software, include this License Header Notice in each
    file and include the License file at packager/legal/LICENSE.txt.

    GPL Classpath Exception:
    Oracle designates this particular file as subject to the "Classpath"
    exception as provided by Oracle in the GPL Version 2 section of the License
    file that accompanied this code.

    Modifications:
    If applicable, add the following below the License Header, with the fields
    enclosed by brackets [] replaced by your own identifying information:
    "Portions Copyright [year] [name of copyright owner]"

    Contributor(s):
    If you wish your version of this file to be governed by only the CDDL or
    only the GPL Version 2, indicate your decision by adding "[Contributor]
    elects to include this software in this distribution under the [CDDL or GPL
    Version 2] license."  If you don't indicate a single choice of license, a
    recipient has the option to distribute your version of this file under
    either the CDDL, the GPL Version 2 or to extend the choice of license to
    its licensees as provided above.  However, if you add GPL Version 2 code
    and therefore, elected the GPL Version 2 license, then the option applies
    only if the new code is made subject to such option by the copyright
    holder.

-->

<project name="Test Classpath" basedir=".">        

    <!-- JARs that may be packaged in WEB-INF/lib
  in order for the implementation to run 
  properly if they aren't availabe in the
  container's classloader.  
   
  This is a comma separated list of fully
  qualified JARs -->
    <property name="webapp.jars" value=""/>


    <!-- Required Targets -->
    
    <macrodef name="deploy.artifact">
        <attribute name="artifact"
                   description="The WAR to deploy"/>
        <attribute name="appName"
                   description="The name of the application"/>
        <attribute name="use-virtual-servers"
                   description="If true, deploy to the virtual servers."
                   default="false"/>
        <sequential>
            <condition property="exec.name" value="cmd.exe">
                <os family="windows"/>
            </condition>
            <condition property="exec.arg.1"
                       value="/c ${container.home}/bin/asadmin">
                <os family="windows"/>
            </condition>
            <property name="exec.name" value="${container.home}/bin/asadmin"/>
            <property name="exec.arg.1" value=""/>
            <echo>
                
---------------- Glassfish - Deploying @{appName} ---------------- 
                
            </echo>
            <exec executable="${exec.name}" failonerror="true">
                <arg line="${exec.arg.1}"/>
                <arg line="deploy"/>
                <arg line="--user ${glassfish.admin.user}"/>
                <arg line="--passwordfile ${glassfish.password.file}"/>
                <arg line="--host ${glassfish.admin.host}"/>
                <arg line="--port ${glassfish.admin.port}"/>
                <arg line="@{artifact}"/>
            </exec>
        </sequential>
    </macrodef>

    <macrodef name="deploydir.artifact">
        <attribute name="explodedWarDir"
                   description="The exploded war directory to deploy"/>
        <attribute name="appName"
                   description="The name of the application"/>
        <sequential>
            <condition property="exec.name" value="cmd.exe">
                <os family="windows"/>
            </condition>
            <condition property="exec.arg.1"
                       value="/c ${container.home}/bin/asadmin">
                <os family="windows"/>
            </condition>
            <property name="exec.name" value="${container.home}/bin/asadmin"/>
            <property name="exec.arg.1" value=""/>
            <echo>
                
---------------- Glassfish - Deploying @{appName} ---------------- 
                
            </echo>
            <exec executable="${exec.name}" failonerror="true">
                <arg line="${exec.arg.1}"/>
                <arg line="deploydir"/>
                <arg line="--user ${glassfish.admin.user}"/>
                <arg line="--passwordfile ${glassfish.password.file}"/>
                <arg line="--host ${glassfish.admin.host}"/>
                <arg line="--port ${glassfish.admin.port}"/>
                <arg line="--contextroot @{appName} @{explodedWarDir}"/>
            </exec>
        </sequential>
    </macrodef>

    <macrodef name="undeploy.artifact">
        <attribute name="artifact"
                   description="The WAR to deploy"/>
        <attribute name="appName"
                   description="The name of the application"/>
        <sequential>
            <condition property="exec.name" value="cmd.exe">
                <os family="windows"/>
            </condition>
            <condition property="exec.arg.1"
                       value="/c ${container.home}/bin/asadmin">
                <os family="windows"/>
            </condition>
            <property name="exec.name" value="${container.home}/bin/asadmin"/>
            <property name="exec.arg.1" value=""/>
            <echo>
                
---------------- Glassfish - Undeploying @{appName} ---------------- 
                
            </echo>
            <exec executable="${exec.name}">
                <arg line="${exec.arg.1}"/>
                <arg line="undeploy"/>
                <arg line="--user ${glassfish.admin.user}"/>
                <arg line="--passwordfile ${glassfish.password.file}"/>
                <arg line="--host ${glassfish.admin.host}"/>
                <arg line="--port ${glassfish.admin.port}"/>
                <arg line="@{appName}"/>
            </exec>
        </sequential>
    </macrodef>
    
    <target name="config.container"
            description="Perform any container specific configuration necessary for the unit tests to run">
        <replace
              file="${container.home}/domains/${glassfish.domain}/config/server.policy"
              token="permission java.util.PropertyPermission &quot;*&quot;, &quot;read&quot;;"
              value="permission java.util.PropertyPermission &quot;*&quot;, &quot;read,write&quot;;"/>
        <concat append="true"
                destfile="${container.home}/domains/${glassfish.domain}/config/server.policy">
grant {
    permission java.lang.reflect.ReflectPermission &quot;*&quot;;
};
        </concat>
        <chmod
              file="${container.home}/domains/${glassfish.domain}/config/server.policy"
              perm="777"/>
        <replace
              file="${container.home}/domains/${glassfish.domain}/config/domain.xml"
              token="keep-alive max-connections=&quot;250&quot; thread-count=&quot;1&quot; timeout-in-seconds=&quot;30&quot;"
              value="keep-alive max-connections=&quot;250&quot; thread-count=&quot;1&quot; timeout-in-seconds=&quot;70&quot;"/>
    </target>

    <!-- Require target to display information about the build environment -->
    <target name="props">
        <echo message="PENDING - Please add a message"/>            
        <echo message="container.home->${container.home}" />
        <echo message="javaee.jar->${container.home}/lib/javaee.jar" />
    </target>
    
    <target name="update.impl.manifest">
        <echo message="PENDING - Please implement"/>
    </target>

    <target name="container.deploy"
              description="Deploy the JSF Implementation artifacts to the target container.">
      <mkdir dir="${dist.dir}" />
      <mkdir dir="${dist.dir}/tmp" />
      <unjar src="${impl.dir}/build/lib/jsf-impl.jar"
             dest="${dist.dir}/tmp" />
      <delete dir="${dist.dir}/tmp/com/sun/org/apache" />
      <jar destfile="${dist.dir}/jsf-impl.jar" 
           basedir="${dist.dir}/tmp" />

            <if>
                <os family="windows"/>
                <then>
                   <container.stop/>
                </then>
            </if>
            <delete>
                <fileset dir="${container.home}/lib">
                   <include name="jsf-*.jar"/>
                   <include name="bean-validator.jar"/>
                </fileset>
            </delete>
            <jar jarfile="${container.home}/lib/javaee.jar" update="yes">
                <zipfileset src="${api.dir}/build/lib/jsf-api.jar"/>
            </jar>
            <copy overwrite="true" todir="${container.home}/lib"
                  file="${dist.dir}/jsf-impl.jar"/>
            <!--
            <copy overwrite="true" todir="${container.home}/lib"
                  file="${validation-api.jar}"/>
            -->
            <if>
                <os family="windows"/>
                <then>
                   <container.start/>
                </then>
            </if>
            <delete dir="${dist.dir}/tmp" />
            <delete file="${dist.dir}/jsf-impl.jar" />
    </target>

    <target name="container.deploy.test.dependencies"
            description="Deploy any container level dependencies to the container.">
        <if>
            <os family="windows"/>
            <then>
                <container.stop/>
            </then>
        </if>

        <copy overwrite="true" file="${groovy.jar}" todir="${container.home}/lib"/>

        <if>
            <os family="windows"/>
            <then>
                <!-- container.start/ -->
                <echo>The container may have been stopped. Please restart it, if
                    needed.
                </echo>
            </then>
        </if>       
    </target>
    
    <target name="container.start"
            description="Start the GlassFish container">
        <container.start/>
    </target>

    <target name="container.debug"
            description="Start the GlassFish container in debug mode">
        <container.debug/>
    </target>

    <target name="container.stop"
            description="Stop the GlassFish container">
        <container.stop/>
    </target>
    <target name="container.restart"
            description="Stop the GlassFish container">
        <container.stop/>
        <container.start/>
    </target>
    <macrodef name="container.start"
            description="Start the GlassFish container">
        <sequential>
            <start.domain/>
        </sequential>
    </macrodef>
    
    <macrodef name="container.stop"
            description="Stop the GlassFish container">
        <sequential>
            <stop.domain/>
        </sequential>
    </macrodef>

    <target name="define.scenario.aware.port">
      <property name="scenario.aware.port" value="${container.port}" />
    </target>

    <target name="define.virtual-server.aware.port">
      <property name="scenario.aware.port" value="${container.port}" />
    </target>

    <!-- 'PRIVATE' targets -->
    <macrodef name="start.domain">
        <sequential>
            <echo>
                
"------------ Starting ${glassfish.domain} ------------"
                
            </echo>
            <if>
                <os family="unix"/>
                <then>
                    <exec executable="${container.home}/bin/asadmin"
                          failonerror="true">
                        <arg line="start-domain"/>
                        <arg line="--user ${glassfish.admin.user}"/>
                        <arg line="${glassfish.domain}"/>
                    </exec>
                    <waitfor>
                        <http url="http://${container.host}:${container.port}"/>
                    </waitfor>
                </then>
                <else>
                    <exec executable="${container.home}/bin/asadmin.bat"
                          spawn="true">
                        <arg line="start-domain"/>
                        <arg line="--user ${glassfish.admin.user}"/>
                        <arg line="${glassfish.domain}"/>
                    </exec>
                    <waitfor>
                        <http url="http://${container.host}:${container.port}"/>
                    </waitfor>
                </else>
            </if>
        </sequential>
    </macrodef>

    <macrodef name="debug.domain">
        <sequential>
            <echo>

"------------ Starting ${glassfish.domain} in debug mode ------------"

            </echo>
            <if>
                <os family="unix"/>
                <then>
                    <exec executable="${container.home}/bin/asadmin"
                          failonerror="true">
                        <arg line="start-domain"/>
                        <arg line="--debug"/>
                        <arg line="--user ${glassfish.admin.user}"/>
                        <arg line="${glassfish.domain}"/>
                    </exec>
                    <waitfor>
                        <http url="http://${container.host}:${container.port}"/>
                    </waitfor>
                </then>
                <else>
                    <exec executable="${container.home}/bin/asadmin.bat"
                          spawn="true">
                        <arg line="start-domain"/>
                        <arg line="--debug"/>
                        <arg line="--user ${glassfish.admin.user}"/>
                        <arg line="${glassfish.domain}"/>
                    </exec>
                    <waitfor>
                        <http url="http://${container.host}:${container.port}"/>
                    </waitfor>
                </else>
            </if>
        </sequential>
    </macrodef>    

    <macrodef name="stop.domain">
        <sequential>
            <echo>
                
"------------ Stopping ${glassfish.domain} ------------"
                
            </echo>
            <if>
                <os family="unix"/>
                <then>
                    <exec executable="${container.home}/bin/asadmin">
                        <arg line="stop-domain"/>
                        <arg line="${glassfish.domain}"/>
                    </exec>
                </then>
                <else>
                    <exec executable="${container.home}/bin/asadmin.bat"
                          spawn="true">
                        <arg line="stop-domain"/>
                        <arg line="${glassfish.domain}"/>
                    </exec>
                </else>
            </if>

            <sleep seconds="15"/>
        </sequential>
    </macrodef>

</project>
