<?xml version="1.0" encoding="UTF-8"?>
<!--

    DO NOT ALTER OR REMOVE COPYRIGHT NOTICES OR THIS HEADER.

    Copyright (c) 1997-2010 Oracle and/or its affiliates. All rights reserved.

    The contents of this file are subject to the terms of either the GNU
    General Public License Version 2 only ("GPL") or the Common Development
    and Distribution License("CDDL") (collectively, the "License").  You
    may not use this file except in compliance with the License.  You can
    obtain a copy of the License at
    https://glassfish.dev.java.net/public/CDDL+GPL_1_1.html
    or packager/legal/LICENSE.txt.  See the License for the specific
    language governing permissions and limitations under the License.

    When distributing the software, include this License Header Notice in each
    file and include the License file at packager/legal/LICENSE.txt.

    GPL Classpath Exception:
    Oracle designates this particular file as subject to the "Classpath"
    exception as provided by Oracle in the GPL Version 2 section of the License
    file that accompanied this code.

    Modifications:
    If applicable, add the following below the License Header, with the fields
    enclosed by brackets [] replaced by your own identifying information:
    "Portions Copyright [year] [name of copyright owner]"

    Contributor(s):
    If you wish your version of this file to be governed by only the CDDL or
    only the GPL Version 2, indicate your decision by adding "[Contributor]
    elects to include this software in this distribution under the [CDDL or GPL
    Version 2] license."  If you don't indicate a single choice of license, a
    recipient has the option to distribute your version of this file under
    either the CDDL, the GPL Version 2 or to extend the choice of license to
    its licensees as provided above.  However, if you add GPL Version 2 code
    and therefore, elected the GPL Version 2 license, then the option applies
    only if the new code is made subject to such option by the copyright
    holder.

-->

<!-- ========== Form+Form Properties ======================================= -->


<!-- template

      <property>
        <description>
        </description>
        <display-name></display-name>
        <icon></icon>
        <property-name></property-name>
        <property-class>java.lang.String</property-class>
      </property>

-->
<root>
    <property>
        <description>
        List of content types that a server processing this form
        will handle correctly
        </description>
        <display-name>Content Type</display-name>
        <icon></icon>
        <property-name>accept</property-name>
        <property-class>java.lang.String</property-class>
        <property-extension>
            <pass-through>true</pass-through>
        </property-extension>
    </property>

    <property>
        <description>
        List of character encodings for input data
        that are accepted by the server processing
        this form.
        </description>
        <display-name>Character Set</display-name>
        <icon></icon>
        <property-name>acceptcharset</property-name>
        <property-class>java.lang.String</property-class>
    </property>

    <property>
        <description>
        Content type used to submit the form to the server.  If not
        specified, the default value is
        "application/x-www-form-urlencoded".
        </description>
        <display-name>Encoding Type</display-name>
        <icon></icon>
        <property-name>enctype</property-name>
        <property-class>java.lang.String</property-class>
        <property-extension>
            <default-value>"application/x-www-form-urlencoded"</default-value>
            <pass-through>true</pass-through>
        </property-extension>
    </property>

    <property>
        <description>
        Javascript code executed when this form is reset.
        </description>
        <display-name>Form Reset Script</display-name>
        <icon></icon>
        <property-name>onreset</property-name>
        <property-class>java.lang.String</property-class>
        <property-extension>
            <pass-through>true</pass-through>
        </property-extension>
    </property>

    <property>
        <description>
        Javascript code executed when this form is submitted.
        </description>
        <display-name>Form Submit Script</display-name>
        <icon></icon>
        <property-name>onsubmit</property-name>
        <property-class>java.lang.String</property-class>
        <property-extension>
            <pass-through>true</pass-through>
        </property-extension>
    </property>

    <property>
        <description>
        Name of a frame where the response
        retrieved after this form submit is to
        be displayed.
        </description>
        <display-name>Target Frame</display-name>
        <icon></icon>
        <property-name>target</property-name>
        <property-class>java.lang.String</property-class>
        <property-extension>
            <pass-through>true</pass-through>
        </property-extension>
    </property>
</root>
